Operation,Sharded,Workers,Clients,Machine type,Machine number,Average CPU usage,Std CPU usage,Average Network receive,Std Network receive,Average Network write,Std Network write
0:1,false,8,2,mw,1,4.3375,0.635326089899,1513025.0,112217.687972,1513062.5,112196.633871
0:1,false,8,2,mw,2,1.90833333333,0.666613921964,1226558.69583,28681.249711,1226591.4625,28686.3563561
0:1,false,8,2,mw,total,3.12291666667,0.49237773083,1369791.84792,57292.4801749,1369826.98125,57265.4726695
0:1,false,8,2,client,1,10.8541666667,1.80079975201,2473791.66667,403377.541864,185029.166667,30166.4484105
0:1,false,8,2,client,total,10.8541666667,1.80079975201,2473791.66667,403377.541864,185029.166667,30166.4484105
0:1,false,8,2,server,1,9.70416666667,1.72675948303,185033.333333,30095.0019447,2474516.66667,402487.20363
0:1,false,8,2,server,total,9.70416666667,1.72675948303,185033.333333,30095.0019447,2474516.66667,402487.20363
0:1,false,8,4,mw,1,7.3,0.847931212878,2736875.0,203609.913402,2736937.5,203759.932196
0:1,false,8,4,mw,2,4.11666666667,0.671082422241,3267841.66667,60690.3782428,3267858.33333,60704.1608762
0:1,false,8,4,mw,total,5.70833333333,0.644952270937,3002358.33333,116144.924686,3002397.91667,116240.20154
0:1,false,8,4,client,1,18.7916666667,3.07312427783,5473020.83333,889107.296321,409254.166667,66486.8512481
0:1,false,8,4,client,total,18.7916666667,3.07312427783,5473020.83333,889107.296321,409254.166667,66486.8512481
0:1,false,8,4,server,1,15.9958333333,2.67797903837,409262.5,66697.0752115,5473895.83333,892081.665473
0:1,false,8,4,server,total,15.9958333333,2.67797903837,409262.5,66697.0752115,5473895.83333,892081.665473
0:1,false,8,8,mw,1,10.55,0.926405876547,4828975.0,332149.538345,4828962.5,331764.726906
0:1,false,8,8,mw,2,6.62083333333,0.563153043329,5449437.5,126570.067471,5449495.83333,126488.315407
0:1,false,8,8,mw,total,8.58541666667,0.60645481881,5139206.25,188947.246754,5139229.16667,188760.592935
0:1,false,8,8,client,1,27.0583333333,4.41126769766,9283312.5,1517058.84144,695600.0,113886.307953
0:1,false,8,8,client,total,27.0583333333,4.41126769766,9283312.5,1517058.84144,695600.0,113886.307953
0:1,false,8,8,server,1,22.6291666667,3.74879024087,695450.0,113413.859454,9285520.83333,1512479.16641
0:1,false,8,8,server,total,22.6291666667,3.74879024087,695450.0,113413.859454,9285520.83333,1512479.16641
0:1,false,8,16,mw,1,10.625,0.891237228502,6136925.0,216637.758377,6136912.5,216517.441268
0:1,false,8,16,mw,2,7.60416666667,0.61644995622,7001925.0,122777.078073,7001954.16667,122791.107579
0:1,false,8,16,mw,total,9.11458333333,0.620553805336,6569425.0,106882.521244,6569433.33333,106796.079855
0:1,false,8,16,client,1,31.2875,5.08126471017,11687500.0,1884382.29255,890308.333333,143536.327407
0:1,false,8,16,client,total,31.2875,5.08126471017,11687500.0,1884382.29255,890308.333333,143536.327407
0:1,false,8,16,server,1,25.025,4.1170548511,890237.5,143507.471431,11695833.3333,1885016.61082
0:1,false,8,16,server,total,25.025,4.1170548511,890237.5,143507.471431,11695833.3333,1885016.61082
0:1,false,8,24,mw,1,8.425,1.20940407964,5644700.0,183723.884737,5644775.0,184078.820143
0:1,false,8,24,mw,2,6.4375,0.615308116932,7473404.16667,106203.486634,7473416.66667,106300.948734
0:1,false,8,24,mw,total,7.43125,0.718302886371,6559052.08333,74666.1231979,6559095.83333,74753.287492
0:1,false,8,24,client,1,30.2666666667,4.91428641518,11695833.3333,1885016.61082,890233.333333,143481.901219
0:1,false,8,24,client,total,30.2666666667,4.91428641518,11695833.3333,1885016.61082,890233.333333,143481.901219
0:1,false,8,24,server,1,23.9708333333,3.96191210638,890137.5,143457.719493,11695833.3333,1885016.61082
0:1,false,8,24,server,total,23.9708333333,3.96191210638,890137.5,143457.719493,11695833.3333,1885016.61082
0:1,false,8,32,mw,1,8.1875,0.915323142773,5508387.5,126838.130048,5508487.5,126178.093321
0:1,false,8,32,mw,2,6.55416666667,0.798986259957,7553766.66667,79252.2260288,7553787.5,79284.5689888
0:1,false,8,32,mw,total,7.37083333333,0.69505739475,6531077.08333,51447.622948,6531137.5,51402.7270493
0:1,false,8,32,client,1,30.7291666667,5.01785665127,11695833.3333,1885016.61082,890283.333333,143481.074873
0:1,false,8,32,client,total,30.7291666667,5.01785665127,11695833.3333,1885016.61082,890283.333333,143481.074873
0:1,false,8,32,server,1,24.1166666667,3.96578191033,890258.333333,143479.064126,11695833.3333,1885016.61082
0:1,false,8,32,server,total,24.1166666667,3.96578191033,890258.333333,143479.064126,11695833.3333,1885016.61082
0:1,false,8,40,mw,1,8.25,1.049412132,5523137.5,147242.737995,5523125.0,146741.17186
0:1,false,8,40,mw,2,6.3375,0.641933064323,7551125.0,91851.9933258,7551120.83333,91823.567198
0:1,false,8,40,mw,total,7.29375,0.720526720722,6537131.25,65966.2291267,6537122.91667,65736.8531066
0:1,false,8,40,client,1,30.6875,5.03415723829,11695833.3333,1885016.61082,890179.166667,143465.280684
0:1,false,8,40,client,total,30.6875,5.03415723829,11695833.3333,1885016.61082,890179.166667,143465.280684
0:1,false,8,40,server,1,23.8708333333,3.92385102822,890175.0,143451.761251,11700000.0,1885319.70226
0:1,false,8,40,server,total,23.8708333333,3.92385102822,890175.0,143451.761251,11700000.0,1885319.70226
0:1,false,8,48,mw,1,8.0625,1.14010603549,5516725.0,150233.571313,5516750.0,150309.93297
0:1,false,8,48,mw,2,6.46666666667,0.780565628517,7615475.0,87847.7742154,7615600.0,87861.1838246
0:1,false,8,48,mw,total,7.26458333333,0.802463572264,6566100.0,60097.6736634,6566175.0,60139.616627
0:1,false,8,48,client,1,30.8,5.02332113987,11695833.3333,1885016.61082,889887.5,143420.951963
0:1,false,8,48,client,total,30.8,5.02332113987,11695833.3333,1885016.61082,889887.5,143420.951963
0:1,false,8,48,server,1,24.0333333333,3.98329846568,889800.0,143398.381864,11695833.3333,1885016.61082
0:1,false,8,48,server,total,24.0333333333,3.98329846568,889800.0,143398.381864,11695833.3333,1885016.61082
0:1,false,8,56,mw,1,8.1875,1.68458198248,5438562.5,178845.300788,5438650.0,178484.981462
0:1,false,8,56,mw,2,6.575,0.725223666939,7567958.33333,95639.6538555,7568016.66667,95742.9002777
0:1,false,8,56,mw,total,7.38125,1.04005360337,6503260.41667,77853.6025783,6503333.33333,77577.3739253
0:1,false,8,56,client,1,30.9916666667,5.06996755677,11700000.0,1885319.70226,890125.0,143462.912431
0:1,false,8,56,client,total,30.9916666667,5.06996755677,11700000.0,1885319.70226,890125.0,143462.912431
0:1,false,8,56,server,1,24.1041666667,3.98717837832,889987.5,143430.861175,11700000.0,1885319.70226
0:1,false,8,56,server,total,24.1041666667,3.98717837832,889987.5,143430.861175,11700000.0,1885319.70226
0:1,false,16,2,mw,1,4.3,0.718648520629,1525737.5,79976.0634681,1525787.5,79741.3054266
0:1,false,16,2,mw,2,2.5625,0.523951635607,1850475.0,38270.0734675,1850550.0,38240.8203044
0:1,false,16,2,mw,total,3.43125,0.497316108965,1688106.25,44930.257283,1688168.75,44794.9107843
0:1,false,16,2,client,1,12.9291666667,2.13252473468,3062004.16667,496843.234533,229012.5,37164.9095628
0:1,false,16,2,client,total,12.9291666667,2.13252473468,3062004.16667,496843.234533,229012.5,37164.9095628
0:1,false,16,2,server,1,11.4416666667,1.97222271746,228979.166667,37125.6028947,3060695.83333,496438.441018
0:1,false,16,2,server,total,11.4416666667,1.97222271746,228979.166667,37125.6028947,3060695.83333,496438.441018
0:1,false,16,4,mw,1,7.325,0.759330151173,2860825.0,172871.268048,2860937.5,172755.138321
0:1,false,16,4,mw,2,4.325,0.717424287992,3277258.33333,66110.5917199,3277325.0,66092.5484819
0:1,false,16,4,mw,total,5.825,0.571781335758,3069041.66667,94888.5366532,3069131.25,94797.5030892
0:1,false,16,4,client,1,19.1333333333,3.13305501951,5545804.16667,898857.026524,414737.5,67215.5609066
0:1,false,16,4,client,total,19.1333333333,3.13305501951,5545804.16667,898857.026524,414737.5,67215.5609066
0:1,false,16,4,server,1,16.3708333333,2.75690859606,414558.333333,67309.6790761,5544583.33333,900325.489666
0:1,false,16,4,server,total,16.3708333333,2.75690859606,414558.333333,67309.6790761,5544583.33333,900325.489666
0:1,false,16,8,mw,1,11.0125,0.93448354382,4871862.5,305526.262881,4871850.0,305757.954242
0:1,false,16,8,mw,2,6.7,0.502035238956,5692741.66667,138760.61787,5692741.66667,138811.642963
0:1,false,16,8,mw,total,8.85625,0.581442837739,5282302.08333,185495.021549,5282295.83333,185747.47307
0:1,false,16,8,client,1,27.7291666667,4.52748870881,9465520.83333,1539325.12643,712029.166667,116266.222875
0:1,false,16,8,client,total,27.7291666667,4.52748870881,9465520.83333,1539325.12643,712029.166667,116266.222875
0:1,false,16,8,server,1,23.1916666667,3.83842992691,711904.166667,116056.005125,9470741.66667,1538477.12525
0:1,false,16,8,server,total,23.1916666667,3.83842992691,711904.166667,116056.005125,9470741.66667,1538477.12525
0:1,false,16,16,mw,1,12.3875,0.849329594147,6096187.5,204802.905794,6096237.5,205234.552064
0:1,false,16,16,mw,2,8.3125,0.489966128741,7083183.33333,122970.053414,7083250.0,123241.287354
0:1,false,16,16,mw,total,10.35,0.550923020396,6589685.41667,90575.2323215,6589743.75,90857.2934905
0:1,false,16,16,client,1,30.3833333333,4.93248367641,11691666.6667,1884704.14247,889962.5,143471.888618
0:1,false,16,16,client,total,30.3833333333,4.93248367641,11691666.6667,1884704.14247,889962.5,143471.888618
0:1,false,16,16,server,1,25.1166666667,4.1168242509,890041.666667,143494.545538,11691666.6667,1884704.14247
0:1,false,16,16,server,total,25.1166666667,4.1168242509,890041.666667,143494.545538,11691666.6667,1884704.14247
0:1,false,16,24,mw,1,10.8625,0.882226039522,5832150.0,339339.608092,5832150.0,339268.53932
0:1,false,16,24,mw,2,7.65416666667,0.641823505409,7282670.83333,121382.628899,7282741.66667,121149.835452
0:1,false,16,24,mw,total,9.25833333333,0.644079386394,6557410.41667,129944.581241,6557445.83333,129900.24241
0:1,false,16,24,client,1,29.3333333333,4.79597815568,11700000.0,1885319.70226,890241.666667,143475.143027
0:1,false,16,24,client,total,29.3333333333,4.79597815568,11700000.0,1885319.70226,890241.666667,143475.143027
0:1,false,16,24,server,1,24.2,3.95886016925,890175.0,143471.339459,11700000.0,1885319.70226
0:1,false,16,24,server,total,24.2,3.95886016925,890175.0,143471.339459,11700000.0,1885319.70226
0:1,false,16,32,mw,1,9.9625,1.30668921663,5741187.5,211579.53849,5741300.0,211157.413236
0:1,false,16,32,mw,2,7.14583333333,1.04584604612,7328825.0,113350.5072,7328937.5,113378.919769
0:1,false,16,32,mw,total,8.55416666667,0.938238691632,6535006.25,79215.6719023,6535118.75,78988.6904336
0:1,false,16,32,client,1,28.3875,4.66951201684,11700000.0,1885319.70226,890262.5,143467.395785
0:1,false,16,32,client,total,28.3875,4.66951201684,11700000.0,1885319.70226,890262.5,143467.395785
0:1,false,16,32,server,1,23.175,3.8274950955,890154.166667,143455.516011,11700000.0,1885319.70226
0:1,false,16,32,server,total,23.175,3.8274950955,890154.166667,143455.516011,11700000.0,1885319.70226
0:1,false,16,40,mw,1,8.8,0.801896486265,5758162.5,175630.613789,5758262.5,175548.38085
0:1,false,16,40,mw,2,6.5,0.602386253422,7367987.5,88926.1208835,7368041.66667,89162.3051893
0:1,false,16,40,mw,total,7.65,0.561041827754,6563075.0,77375.4836571,6563152.08333,77200.1307804
0:1,false,16,40,client,1,27.7166666667,4.50818914188,11700000.0,1885319.70226,890558.333333,143520.658427
0:1,false,16,40,client,total,27.7166666667,4.50818914188,11700000.0,1885319.70226,890558.333333,143520.658427
0:1,false,16,40,server,1,22.6291666667,3.76152471928,890491.666667,143510.017439,11700000.0,1885319.70226
0:1,false,16,40,server,total,22.6291666667,3.76152471928,890491.666667,143510.017439,11700000.0,1885319.70226
0:1,false,16,48,mw,1,8.5375,0.899278895363,5717975.0,143391.556961,5718000.0,143235.576516
0:1,false,16,48,mw,2,6.30416666667,0.639078428437,7393179.16667,91315.4983318,7393220.83333,91431.1119058
0:1,false,16,48,mw,total,7.42083333333,0.600617942455,6555577.08333,67518.5026667,6555610.41667,67469.125844
0:1,false,16,48,client,1,27.7791666667,4.54109033234,11700000.0,1885319.70226,890204.166667,143461.090093
0:1,false,16,48,client,total,27.7791666667,4.54109033234,11700000.0,1885319.70226,890204.166667,143461.090093
0:1,false,16,48,server,1,22.4375,3.71358313744,890133.333333,143444.394221,11700000.0,1885319.70226
0:1,false,16,48,server,total,22.4375,3.71358313744,890133.333333,143444.394221,11700000.0,1885319.70226
0:1,false,16,56,mw,1,8.675,1.02839434883,5687075.0,141996.146765,5687112.5,142285.858976
0:1,false,16,56,mw,2,6.24166666667,0.599988279304,7399775.0,90151.1120052,7399800.0,90198.9923882
0:1,false,16,56,mw,total,7.45833333333,0.660573420082,6543425.0,61976.9131509,6543456.25,62020.7801921
0:1,false,16,56,client,1,27.9875,4.57334162145,11700000.0,1885319.70226,890212.5,143461.626852
0:1,false,16,56,client,total,27.9875,4.57334162145,11700000.0,1885319.70226,890212.5,143461.626852
0:1,false,16,56,server,1,22.225,3.65640104963,890091.666667,143448.682611,11700000.0,1885319.70226
0:1,false,16,56,server,total,22.225,3.65640104963,890091.666667,143448.682611,11700000.0,1885319.70226
0:1,false,32,2,mw,1,4.45,1.01756721546,1505350.0,84898.315947,1507750.0,82946.1469337
0:1,false,32,2,mw,2,2.67916666667,0.610373868044,1834270.83333,40947.0548941,1834770.83333,40710.4486514
0:1,false,32,2,mw,total,3.56458333333,0.642217145649,1669810.41667,48340.7803353,1671260.41667,47304.6195946
0:1,false,32,2,client,1,12.7291666667,2.09351940236,3022937.5,492357.933828,226104.166667,36833.2080396
0:1,false,32,2,client,total,12.7291666667,2.09351940236,3022937.5,492357.933828,226104.166667,36833.2080396
0:1,false,32,2,server,1,11.5,2.03278335233,228912.5,37101.4780433,3023366.66667,491461.495059
0:1,false,32,2,server,total,11.5,2.03278335233,228912.5,37101.4780433,3023366.66667,491461.495059
0:1,false,32,4,mw,1,7.375,1.03575325736,2763687.5,168765.404829,2764775.0,167913.854873
0:1,false,32,4,mw,2,4.40833333333,0.620727308082,3278679.16667,68585.4758164,3278841.66667,68416.3019001
0:1,false,32,4,mw,total,5.89166666667,0.718990932223,3021183.33333,96557.0038525,3021808.33333,96059.5151459
0:1,false,32,4,client,1,18.9958333333,3.11093247176,5473616.66667,894171.45818,409345.833333,66872.1399746
0:1,false,32,4,client,total,18.9958333333,3.11093247176,5473616.66667,894171.45818,409345.833333,66872.1399746
0:1,false,32,4,server,1,16.525,2.79026588069,410591.666667,66707.4764333,5474475.0,890419.325947
0:1,false,32,4,server,total,16.525,2.79026588069,410591.666667,66707.4764333,5474475.0,890419.325947
0:1,false,32,8,mw,1,11.1375,1.02800962907,4729750.0,358398.212162,4730087.5,357842.380752
0:1,false,32,8,mw,2,6.78333333333,0.508990893787,5657533.33333,152252.75639,5657612.5,152218.229637
0:1,false,32,8,mw,total,8.96041666667,0.61466132488,5193641.66667,211534.858957,5193850.0,211332.201277
0:1,false,32,8,client,1,27.6583333333,4.50815014407,9424091.66667,1531420.11163,707441.666667,115245.75069
0:1,false,32,8,client,total,27.6583333333,4.50815014407,9424091.66667,1531420.11163,707441.666667,115245.75069
0:1,false,32,8,server,1,23.4708333333,3.88357055468,707766.666667,115507.263792,9421358.33333,1532598.21286
0:1,false,32,8,server,total,23.4708333333,3.88357055468,707766.666667,115507.263792,9421358.33333,1532598.21286
0:1,false,32,16,mw,1,13.175,0.868215104887,5877950.0,240729.00358,5878100.0,240703.06304
0:1,false,32,16,mw,2,8.42916666667,0.514743938363,7191312.5,121017.653322,7191345.83333,121064.4357
0:1,false,32,16,mw,total,10.8020833333,0.538982313157,6534631.25,98744.1739055,6534722.91667,98710.5613665
0:1,false,32,16,client,1,30.7708333333,4.99946375465,11687500.0,1884382.29255,890420.833333,143594.539187
0:1,false,32,16,client,total,30.7708333333,4.99946375465,11687500.0,1884382.29255,890420.833333,143594.539187
0:1,false,32,16,server,1,25.6,4.18973361824,890483.333333,143541.69822,11695833.3333,1885016.61082
0:1,false,32,16,server,total,25.6,4.18973361824,890483.333333,143541.69822,11695833.3333,1885016.61082
0:1,false,32,24,mw,1,12.55,0.744600819061,5751312.5,235570.817311,5751375.0,235000.693508
0:1,false,32,24,mw,2,8.21666666667,0.578810069925,7300333.33333,113978.826963,7300383.33333,114064.643502
0:1,false,32,24,mw,total,10.3833333333,0.498521019367,6525822.91667,101950.138608,6525879.16667,101897.313852
0:1,false,32,24,client,1,28.7875,4.70127126178,11700000.0,1885319.70226,890141.666667,143448.935572
0:1,false,32,24,client,total,28.7875,4.70127126178,11700000.0,1885319.70226,890141.666667,143448.935572
0:1,false,32,24,server,1,24.45,4.0133742656,890075.0,143456.849685,11695833.3333,1885016.61082
0:1,false,32,24,server,total,24.45,4.0133742656,890075.0,143456.849685,11695833.3333,1885016.61082
0:1,false,32,32,mw,1,12.0375,0.770397727299,5762362.5,211022.960161,5762400.0,211706.125429
0:1,false,32,32,mw,2,7.97916666667,0.692218655243,7333725.0,121452.8527,7333741.66667,120869.342518
0:1,false,32,32,mw,total,10.0083333333,0.540159376387,6548043.75,95078.7139433,6548070.83333,95246.7953361
0:1,false,32,32,client,1,27.8875,4.54573376907,11700000.0,1885319.70226,890362.5,143484.290968
0:1,false,32,32,client,total,27.8875,4.54573376907,11700000.0,1885319.70226,890362.5,143484.290968
0:1,false,32,32,server,1,23.825,3.91289656056,890362.5,143487.721717,11700000.0,1885319.70226
0:1,false,32,32,server,total,23.825,3.91289656056,890362.5,143487.721717,11700000.0,1885319.70226
0:1,false,32,40,mw,1,11.3875,1.81061392484,5878587.5,216497.416814,5878587.5,215950.281066
0:1,false,32,40,mw,2,7.49166666667,0.672913768266,7228700.0,108973.481593,7228883.33333,108474.826132
0:1,false,32,40,mw,total,9.43958333333,1.04580191843,6553643.75,105152.209494,6553735.41667,104735.399956
0:1,false,32,40,client,1,27.3041666667,4.46275215774,11700000.0,1885319.70226,892162.5,143778.965711
0:1,false,32,40,client,total,27.3041666667,4.46275215774,11700000.0,1885319.70226,892162.5,143778.965711
0:1,false,32,40,server,1,23.6291666667,3.88005602277,892095.833333,143771.298245,11700000.0,1885319.70226
0:1,false,32,40,server,total,23.6291666667,3.88005602277,892095.833333,143771.298245,11700000.0,1885319.70226
0:1,false,32,48,mw,1,10.65,0.828297017601,5703112.5,213266.279967,5703137.5,213184.578239
0:1,false,32,48,mw,2,7.58333333333,0.778581059973,7472595.83333,122165.835662,7472687.5,122263.950291
0:1,false,32,48,mw,total,9.11666666667,0.649786289654,6587854.16667,84011.5539196,6587912.5,84161.2333752
0:1,false,32,48,client,1,27.0291666667,4.4212737694,11700000.0,1885319.70226,905570.833333,145968.189064
0:1,false,32,48,client,total,27.0291666667,4.4212737694,11700000.0,1885319.70226,905570.833333,145968.189064
0:1,false,32,48,server,1,23.1083333333,3.80013139161,905558.333333,145964.677682,11700000.0,1885319.70226
0:1,false,32,48,server,total,23.1083333333,3.80013139161,905558.333333,145964.677682,11700000.0,1885319.70226
0:1,false,32,56,mw,1,11.25,0.702617168931,5884437.5,157011.395519,5884325.0,156746.087913
0:1,false,32,56,mw,2,7.27083333333,0.656234302605,7309220.83333,94491.6213663,7309295.83333,94564.781355
0:1,false,32,56,mw,total,9.26041666667,0.553624897766,6596829.16667,69022.0310484,6596810.41667,68655.5372968
0:1,false,32,56,client,1,27.7958333333,4.55887991462,11700000.0,1885319.70226,929320.833333,149851.735856
0:1,false,32,56,client,total,27.7958333333,4.55887991462,11700000.0,1885319.70226,929320.833333,149851.735856
0:1,false,32,56,server,1,23.3416666667,3.86151810582,929108.333333,149813.167987,11700000.0,1885319.70226
0:1,false,32,56,server,total,23.3416666667,3.86151810582,929108.333333,149813.167987,11700000.0,1885319.70226
0:1,false,64,2,mw,1,4.6,0.805047368683,1362912.5,96571.3737166,1443712.5,100803.882002
0:1,false,64,2,mw,2,1.90416666667,0.319078093603,1106753.17083,48821.0717189,1144873.44583,47286.1566403
0:1,false,64,2,mw,total,3.25208333333,0.467655484948,1234832.83542,60039.0022238,1294292.97292,61774.6108266
0:1,false,64,2,client,1,10.9083333333,1.82341004475,2224479.16667,367761.166015,185145.833333,30147.0770602
0:1,false,64,2,client,total,10.9083333333,1.82341004475,2224479.16667,367761.166015,185145.833333,30147.0770602
0:1,false,64,2,server,1,11.0791666667,1.95104916058,300104.166667,48881.9466486,2225316.66667,368912.294472
0:1,false,64,2,server,total,11.0791666667,1.95104916058,300104.166667,48881.9466486,2225316.66667,368912.294472
0:1,false,64,4,mw,1,7.425,1.23015898942,2416475.0,175990.216572,2434900.0,173180.640307
0:1,false,64,4,mw,2,4.55,0.506220100782,2866241.66667,153573.101612,2872258.33333,152951.101045
0:1,false,64,4,mw,total,5.9875,0.735753104036,2641358.33333,143855.317562,2653579.16667,142692.683102
0:1,false,64,4,client,1,18.8625,3.12095307579,4696358.33333,812742.020257,408112.5,66646.6413753
0:1,false,64,4,client,total,18.8625,3.12095307579,4696358.33333,812742.020257,408112.5,66646.6413753
0:1,false,64,4,server,1,17.0166666667,2.83880087995,433620.833333,70225.8310903,4698025.0,809638.779304
0:1,false,64,4,server,total,17.0166666667,2.83880087995,433620.833333,70225.8310903,4698025.0,809638.779304
0:1,false,64,8,mw,1,11.3125,0.93583713286,3881375.0,403762.945084,3893325.0,400478.50414
0:1,false,64,8,mw,2,7.17916666667,0.449859331038,4812833.33333,327452.529279,4814570.83333,327419.33093
0:1,false,64,8,mw,total,9.24583333333,0.57244202625,4347104.16667,332621.350776,4353947.91667,331517.307923
0:1,false,64,8,client,1,27.8583333333,4.56636483033,7804691.66667,1387387.95523,704320.833333,115622.457094
0:1,false,64,8,client,total,27.8583333333,4.56636483033,7804691.66667,1387387.95523,704320.833333,115622.457094
0:1,false,64,8,server,1,24.8791666667,4.08463339332,715350.0,116485.801939,7811675.0,1383393.31371
0:1,false,64,8,server,total,24.8791666667,4.08463339332,715350.0,116485.801939,7811675.0,1383393.31371
0:1,false,64,16,mw,1,15.225,1.06705557256,5707562.5,421650.549529,5713362.5,418786.923367
0:1,false,64,16,mw,2,9.85416666667,0.636100439663,7220925.0,343409.777959,7221437.5,343369.854244
0:1,false,64,16,mw,total,12.5395833333,0.679333125261,6464243.75,286530.034341,6467400.0,285752.305623
0:1,false,64,16,client,1,36.6458333333,6.11570198994,11321850.0,1904625.61958,1058162.5,176196.18903
0:1,false,64,16,client,total,36.6458333333,6.11570198994,11321850.0,1904625.61958,1058162.5,176196.18903
0:1,false,64,16,server,1,31.0458333333,5.20027689136,1063558.33333,176837.571781,11316558.3333,1899700.94158
0:1,false,64,16,server,total,31.0458333333,5.20027689136,1063558.33333,176837.571781,11316558.3333,1899700.94158
0:1,false,64,24,mw,1,18.5875,1.3187426885,1117725.0,78892.327682,1126150.0,73759.6335695
0:1,false,64,24,mw,2,12.1291666667,0.661358083619,2312712.5,702348.767438,2313358.33333,702283.023587
0:1,false,64,24,mw,total,15.3583333333,0.787159610984,1715218.75,353639.937025,1719754.16667,353339.435477
0:1,false,64,24,client,1,41.3958333333,6.98624200524,2568012.5,1230095.09134,1280933.33333,215289.98793
0:1,false,64,24,client,total,41.3958333333,6.98624200524,2568012.5,1230095.09134,1280933.33333,215289.98793
0:1,false,64,24,server,1,33.25,5.56826955876,1289629.16667,215387.381976,2585770.83333,1226819.97826
0:1,false,64,24,server,total,33.25,5.56826955876,1289629.16667,215387.381976,2585770.83333,1226819.97826
0:1,false,64,32,mw,1,20.2,1.0720853924,1236187.5,56377.1418241,1241800.0,53937.9390209
0:1,false,64,32,mw,2,13.525,1.21959505396,1400337.5,39277.207104,1400958.33333,38890.3530968
0:1,false,64,32,mw,total,16.8625,0.860843386538,1318262.5,29537.8940269,1321379.16667,28550.3352354
0:1,false,64,32,client,1,45.6041666667,7.89952619242,1178129.16667,191314.583931,1391954.16667,226030.191925
0:1,false,64,32,client,total,45.6041666667,7.89952619242,1178129.16667,191314.583931,1391954.16667,226030.191925
0:1,false,64,32,server,1,34.5875,5.665858406,1398745.83333,226864.54656,1178220.83333,191222.839232
0:1,false,64,32,server,total,34.5875,5.665858406,1398745.83333,226864.54656,1178220.83333,191222.839232
0:1,false,64,40,mw,1,21.4,1.4548043498,1339462.5,66860.6985181,1344250.0,64755.5285749
0:1,false,64,40,mw,2,14.0708333333,0.606327976121,1491866.66667,41359.9206718,1492445.83333,40971.0866371
0:1,false,64,40,mw,total,17.7354166667,0.866104065201,1415664.58333,38803.4327739,1418347.91667,37913.1641054
0:1,false,64,40,client,1,47.3125,7.75238155867,1256958.33333,204455.541782,1484945.83333,241523.612214
0:1,false,64,40,client,total,47.3125,7.75238155867,1256958.33333,204455.541782,1484945.83333,241523.612214
0:1,false,64,40,server,1,35.8541666667,5.83525435518,1490066.66667,241631.523125,1256408.33333,203893.418112
0:1,false,64,40,server,total,35.8541666667,5.83525435518,1490066.66667,241631.523125,1256408.33333,203893.418112
0:1,false,64,48,mw,1,21.525,1.44935603334,1378825.0,75452.5209081,1383162.5,72842.7200693
0:1,false,64,48,mw,2,14.175,0.666613921964,1580329.16667,36271.1112686,1580816.66667,35840.9088254
0:1,false,64,48,mw,total,17.85,0.910016151075,1479577.08333,39259.3072963,1481989.58333,37796.621938
0:1,false,64,48,client,1,50.8541666667,8.28073590939,1312212.5,212948.533786,1550237.5,251567.184595
0:1,false,64,48,client,total,50.8541666667,8.28073590939,1312212.5,212948.533786,1550237.5,251567.184595
0:1,false,64,48,server,1,36.9125,6.03709670025,1555333.33333,252066.050773,1312041.66667,212774.79874
0:1,false,64,48,server,total,36.9125,6.03709670025,1555333.33333,252066.050773,1312041.66667,212774.79874
0:1,false,64,56,mw,1,21.475,1.04306024924,1427800.0,66705.5498422,1431112.5,64712.8014941
0:1,false,64,56,mw,2,14.6375,0.556748016997,1632533.33333,36536.3468528,1633045.83333,36110.0343613
0:1,false,64,56,mw,total,18.05625,0.641367950635,1530166.66667,35936.1247673,1532079.16667,34865.4433291
0:1,false,64,56,client,1,52.925,8.63398169698,1359579.16667,220176.318194,1606062.5,260130.07724
0:1,false,64,56,client,total,52.925,8.63398169698,1359579.16667,220176.318194,1606062.5,260130.07724
0:1,false,64,56,server,1,37.9375,6.19311667037,1609695.83333,260568.210623,1359533.33333,220178.297524
0:1,false,64,56,server,total,37.9375,6.19311667037,1609695.83333,260568.210623,1359533.33333,220178.297524
1:0,false,8,2,mw,1,4.4,1.09775374795,1480337.5,99882.2019789,1480437.5,99726.5684227
1:0,false,8,2,mw,2,2.6,0.748932667632,1844933.33333,42906.938187,1844966.66667,42819.7609389
1:0,false,8,2,mw,total,3.5,0.650651518119,1662635.41667,52913.7775799,1662702.08333,52824.2561234
1:0,false,8,2,client,1,12.5541666667,2.06773060269,201841.666667,32754.6810088,3060245.83333,496540.79549
1:0,false,8,2,client,total,12.5541666667,2.06773060269,201841.666667,32754.6810088,3060245.83333,496540.79549
1:0,false,8,2,server,1,12.65,2.17898155542,3060050.0,497703.027998,201779.166667,32820.8684493
1:0,false,8,2,server,total,12.65,2.17898155542,3060050.0,497703.027998,201779.166667,32820.8684493
1:0,false,8,4,mw,1,7.0,0.841938691054,2767050.0,177666.014359,2767150.0,177879.428657
1:0,false,8,4,mw,2,4.42916666667,1.11023083977,3274045.83333,61740.0007278,3274079.16667,61619.5222629
1:0,false,8,4,mw,total,5.71458333333,0.659344680631,3020547.91667,95621.3163572,3020614.58333,95779.9414422
1:0,false,8,4,client,1,18.3416666667,3.01238652464,363650.0,59261.9610554,5514558.33333,898619.512866
1:0,false,8,4,client,total,18.3416666667,3.01238652464,363650.0,59261.9610554,5514558.33333,898619.512866
1:0,false,8,4,server,1,18.3125,3.04414022883,5515662.5,896266.2251,363687.5,59103.6978467
1:0,false,8,4,server,total,18.3125,3.04414022883,5515662.5,896266.2251,363687.5,59103.6978467
1:0,false,8,8,mw,1,10.45,0.966528434755,4771275.0,301400.065307,4771312.5,300688.307171
1:0,false,8,8,mw,2,6.90833333333,0.660253968099,5217933.33333,144099.164949,5217966.66667,143726.676454
1:0,false,8,8,mw,total,8.67916666667,0.723706955948,4994604.16667,153144.858424,4994639.58333,152977.619967
1:0,false,8,8,client,1,26.2083333333,4.28531493016,601183.333333,98080.9806349,9110229.16667,1484773.82063
1:0,false,8,8,client,total,26.2083333333,4.28531493016,601183.333333,98080.9806349,9110229.16667,1484773.82063
1:0,false,8,8,server,1,25.5041666667,4.17311526304,9111950.0,1482071.71693,601100.0,97804.2104024
1:0,false,8,8,server,total,25.5041666667,4.17311526304,9111950.0,1482071.71693,601100.0,97804.2104024
1:0,false,8,16,mw,1,12.2875,0.996115874506,7448675.0,471571.269967,7448725.0,471361.453261
1:0,false,8,16,mw,2,9.325,0.597639519929,7606770.83333,290609.193761,7606854.16667,290491.333348
1:0,false,8,16,mw,total,10.80625,0.701837927725,7527722.91667,282434.680528,7527789.58333,282331.332898
1:0,false,8,16,client,1,35.6666666667,5.82081236084,910770.833333,149517.47607,13487500.0,2228156.19473
1:0,false,8,16,client,total,35.6666666667,5.82081236084,910770.833333,149517.47607,13487500.0,2228156.19473
1:0,false,8,16,server,1,33.5916666667,5.51126579226,13495833.3333,2220600.23436,910600.0,149326.480403
1:0,false,8,16,server,total,33.5916666667,5.51126579226,13495833.3333,2220600.23436,910600.0,149326.480403
1:0,false,8,24,mw,1,11.8875,1.26284539078,7810150.0,547684.379681,7810162.5,547620.547824
1:0,false,8,24,mw,2,8.91666666667,0.710579090716,9215729.16667,275768.707453,9215925.0,275667.449705
1:0,false,8,24,mw,total,10.4020833333,0.850123574206,8512939.58333,320380.223349,8513043.75,320097.353273
1:0,false,8,24,client,1,39.9291666667,6.49606475055,1026387.5,167372.828427,15212500.0,2484972.41521
1:0,false,8,24,client,total,39.9291666667,6.49606475055,1026387.5,167372.828427,15212500.0,2484972.41521
1:0,false,8,24,server,1,36.4291666667,5.9274074969,15191666.6667,2476201.77815,1026662.5,167516.915566
1:0,false,8,24,server,total,36.4291666667,5.9274074969,15191666.6667,2476201.77815,1026662.5,167516.915566
1:0,false,8,32,mw,1,11.5375,1.16861651407,7883750.0,420389.436691,7883950.0,420282.722805
1:0,false,8,32,mw,2,9.18333333333,0.709390499267,9135433.33333,263124.119209,9135529.16667,263064.530295
1:0,false,8,32,mw,total,10.3604166667,0.796636631498,8509591.66667,267740.815142,8509739.58333,267268.860987
1:0,false,8,32,client,1,39.9708333333,6.5317990427,1028412.5,167807.297255,15225000.0,2490361.16541
1:0,false,8,32,client,total,39.9708333333,6.5317990427,1028412.5,167807.297255,15225000.0,2490361.16541
1:0,false,8,32,server,1,36.65,5.98824446144,15254166.6667,2495703.05831,1028608.33333,167571.189188
1:0,false,8,32,server,total,36.65,5.98824446144,15254166.6667,2495703.05831,1028608.33333,167571.189188
1:0,false,8,40,mw,1,12.3125,1.08608867391,8029962.5,522824.036612,8030125.0,523377.743755
1:0,false,8,40,mw,2,9.2125,0.883102429816,9286070.83333,308322.240392,9286583.33333,307329.761459
1:0,false,8,40,mw,total,10.7625,0.805123799131,8658016.66667,256580.801847,8658354.16667,257273.931426
1:0,false,8,40,client,1,41.6041666667,6.80202124134,1042637.5,169936.591085,15462500.0,2527204.30582
1:0,false,8,40,client,total,41.6041666667,6.80202124134,1042637.5,169936.591085,15462500.0,2527204.30582
1:0,false,8,40,server,1,37.0708333333,6.06683213712,15458333.3333,2541013.78486,1042833.33333,170962.510593
1:0,false,8,40,server,total,37.0708333333,6.06683213712,15458333.3333,2541013.78486,1042833.33333,170962.510593
1:0,false,8,48,mw,1,11.9875,0.961193219422,7966450.0,433615.851105,7966600.0,432646.217327
1:0,false,8,48,mw,2,9.2625,0.743833061289,9282550.0,274880.52436,9283120.83333,273279.325959
1:0,false,8,48,mw,total,10.625,0.754498930234,8624500.0,261519.511687,8624860.41667,260343.260971
1:0,false,8,48,client,1,41.6791666667,6.8122178131,1044829.16667,170674.90745,15495833.3333,2536370.45904
1:0,false,8,48,client,total,41.6791666667,6.8122178131,1044829.16667,170674.90745,15495833.3333,2536370.45904
1:0,false,8,48,server,1,37.0833333333,6.06307678829,15475000.0,2536803.64129,1044600.0,170470.057507
1:0,false,8,48,server,total,37.0833333333,6.06307678829,15475000.0,2536803.64129,1044600.0,170470.057507
1:0,false,8,56,mw,1,12.2125,1.08725353675,7941525.0,671917.094325,7941900.0,672914.379416
1:0,false,8,56,mw,2,8.95416666667,0.524354133562,10013462.5,246060.296395,10010958.3333,237136.986617
1:0,false,8,56,mw,total,10.5833333333,0.698098683677,8977493.75,365890.816533,8976429.16667,364913.772038
1:0,false,8,56,client,1,44.1875,7.24648297253,1094112.5,178705.172056,16195833.3333,2649041.83511
1:0,false,8,56,client,total,44.1875,7.24648297253,1094112.5,178705.172056,16195833.3333,2649041.83511
1:0,false,8,56,server,1,38.6458333333,6.29989925801,16229166.6667,2657999.49625,1093845.83333,178721.274039
1:0,false,8,56,server,total,38.6458333333,6.29989925801,16229166.6667,2657999.49625,1093845.83333,178721.274039
1:0,false,16,2,mw,1,4.1875,0.638307691369,1500112.5,89210.0343096,1500350.0,88971.0662683
1:0,false,16,2,mw,2,2.63333333333,0.6084265289,1808104.16667,37341.3792471,1808154.16667,37292.7349987
1:0,false,16,2,mw,total,3.41041666667,0.532979675729,1654108.33333,50725.891851,1654252.08333,50547.8007868
1:0,false,16,2,client,1,12.3333333333,2.04382366898,199429.166667,32542.6991495,3023995.83333,493356.147533
1:0,false,16,2,client,total,12.3333333333,2.04382366898,199429.166667,32542.6991495,3023995.83333,493356.147533
1:0,false,16,2,server,1,12.6083333333,2.1737307757,3024316.66667,492295.392611,199395.833333,32457.7879606
1:0,false,16,2,server,total,12.6083333333,2.1737307757,3024316.66667,492295.392611,199395.833333,32457.7879606
1:0,false,16,4,mw,1,7.275,0.95433720124,2742625.0,190233.59225,2742737.5,189959.538913
1:0,false,16,4,mw,2,4.33333333333,0.602386253422,3253625.0,77153.9162535,3253708.33333,77081.4385672
1:0,false,16,4,mw,total,5.80416666667,0.679608040423,2998125.0,109442.030395,2998222.91667,109301.274449
1:0,false,16,4,client,1,18.4458333333,3.04857244496,363270.833333,59330.1590615,5508087.5,899615.693451
1:0,false,16,4,client,total,18.4458333333,3.04857244496,363270.833333,59330.1590615,5508087.5,899615.693451
1:0,false,16,4,server,1,18.5458333333,3.05884332772,5507220.83333,899515.933181,363108.333333,59309.8321399
1:0,false,16,4,server,total,18.5458333333,3.05884332772,5507220.83333,899515.933181,363108.333333,59309.8321399
1:0,false,16,8,mw,1,10.8625,1.09941008347,4826837.5,299826.508643,4827050.0,300027.125356
1:0,false,16,8,mw,2,7.225,1.03765260346,5510279.16667,149687.489213,5510391.66667,149825.700655
1:0,false,16,8,mw,total,9.04375,0.839740663034,5168558.33333,172930.085342,5168720.83333,173209.156621
1:0,false,16,8,client,1,26.9625,4.41961926624,623800.0,102516.227661,9413108.33333,1540572.82237
1:0,false,16,8,client,total,26.9625,4.41961926624,623800.0,102516.227661,9413108.33333,1540572.82237
1:0,false,16,8,server,1,26.5666666667,4.37368425061,9411533.33333,1532959.93307,623695.833333,101987.798748
1:0,false,16,8,server,total,26.5666666667,4.37368425061,9411533.33333,1532959.93307,623695.833333,101987.798748
1:0,false,16,16,mw,1,26.075,5.0934929946,7385650.0,628510.819822,7329875.0,531559.620124
1:0,false,16,16,mw,2,12.3333333333,2.11617572964,7657654.16667,317021.690588,7640029.16667,306025.008372
1:0,false,16,16,mw,total,19.2041666667,2.73050885764,7521652.08333,358291.761099,7484952.08333,308182.763092
1:0,false,16,16,client,1,34.9666666667,5.69639755878,906770.833333,148540.092887,13412500.0,2202954.00068
1:0,false,16,16,client,total,34.9666666667,5.69639755878,906770.833333,148540.092887,13412500.0,2202954.00068
1:0,false,16,16,server,1,33.6375,5.51157680732,13420833.3333,2206462.66601,906758.333333,148676.249667
1:0,false,16,16,server,total,33.6375,5.51157680732,13420833.3333,2206462.66601,906758.333333,148676.249667
1:0,false,16,24,mw,1,16.5625,1.25126518251,8787162.5,497270.3323,8787662.5,495435.467416
1:0,false,16,24,mw,2,16.1791666667,1.85852939307,9112795.83333,344609.09791,9113329.16667,344547.370151
1:0,false,16,24,mw,total,16.3708333333,1.31259585411,8949979.16667,275159.389144,8950495.83333,274648.275232
1:0,false,16,24,client,1,40.6833333333,6.64953494985,1072641.66667,175445.727521,15870833.3333,2605033.40007
1:0,false,16,24,client,total,40.6833333333,6.64953494985,1072641.66667,175445.727521,15870833.3333,2605033.40007
1:0,false,16,24,server,1,37.6375,6.17357777856,15862500.0,2611073.33067,1072216.66667,175650.161356
1:0,false,16,24,server,total,37.6375,6.17357777856,15862500.0,2611073.33067,1072216.66667,175650.161356
1:0,false,16,32,mw,1,9.2,1.33502003019,5524925.0,759003.40679,5524750.0,760122.78322
1:0,false,16,32,mw,2,9.95,1.19551435417,8816866.66667,476689.405495,8812912.5,474021.715941
1:0,false,16,32,mw,total,9.575,0.95794112319,7170895.83333,502526.375776,7168831.25,502304.389853
1:0,false,16,32,client,1,38.3708333333,6.76363939475,1019862.5,176322.941585,15135708.3333,2621507.07633
1:0,false,16,32,client,total,38.3708333333,6.76363939475,1019862.5,176322.941585,15135708.3333,2621507.07633
1:0,false,16,32,server,1,62.3708333333,12.3378363031,14875992.8333,2904042.3383,1003896.86667,195953.005725
1:0,false,16,32,server,total,62.3708333333,12.3378363031,14875992.8333,2904042.3383,1003896.86667,195953.005725
1:0,false,16,40,mw,1,15.3875,0.920838225735,9864825.0,419266.743135,9864800.0,420146.128889
1:0,false,16,40,mw,2,9.92083333333,1.23502990847,9358041.66667,437627.876831,9354004.16667,434927.607646
1:0,false,16,40,mw,total,12.6541666667,0.873413772184,9611433.33333,311298.77608,9609402.08333,309697.41334
1:0,false,16,40,client,1,41.6166666667,7.05256534308,1090645.83333,184005.322675,16141666.6667,2728592.67807
1:0,false,16,40,client,total,41.6166666667,7.05256534308,1090645.83333,184005.322675,16141666.6667,2728592.67807
1:0,false,16,40,server,1,61.1416666667,10.7800898676,16150000.0,2717293.68136,1090075.0,182787.249422
1:0,false,16,40,server,total,61.1416666667,10.7800898676,16150000.0,2717293.68136,1090075.0,182787.249422
1:0,false,16,48,mw,1,12.9375,1.28618511572,8265712.5,570141.181577,8265987.5,568655.05314
1:0,false,16,48,mw,2,9.51666666667,1.19174374954,9799554.16667,380259.482595,9799633.33333,387248.502297
1:0,false,16,48,mw,total,11.2270833333,1.08992436737,9032633.33333,418585.791659,9032810.41667,420151.594054
1:0,false,16,48,client,1,68.3333333333,13.0326863772,1171891.66667,260578.771453,17029166.6667,2850811.68889
1:0,false,16,48,client,total,68.3333333333,13.0326863772,1171891.66667,260578.771453,17029166.6667,2850811.68889
1:0,false,16,48,server,1,38.6208333333,6.45153821103,17075000.0,2866448.32845,1153325.0,193899.846369
1:0,false,16,48,server,total,38.6208333333,6.45153821103,17075000.0,2866448.32845,1153325.0,193899.846369
1:0,false,16,56,mw,1,15.575,1.19889189344,10309662.5,616786.382481,10296162.5,614658.090483
1:0,false,16,56,mw,2,11.2083333333,0.621632984009,10748858.3333,326442.335678,10765137.5,330993.958472
1:0,false,16,56,mw,total,13.3916666667,0.781331043616,10529260.4167,328560.513668,10530650.0,323448.306584
1:0,false,16,56,client,1,51.95,8.47800164868,1294633.33333,210917.409396,19179166.6667,3127368.3009
1:0,false,16,56,client,total,51.95,8.47800164868,1294633.33333,210917.409396,19179166.6667,3127368.3009
1:0,false,16,56,server,1,43.1625,7.01936115918,19162500.0,3117932.2325,1293554.16667,210320.51051
1:0,false,16,56,server,total,43.1625,7.01936115918,19162500.0,3117932.2325,1293554.16667,210320.51051
1:0,false,32,2,mw,1,4.2375,0.783432079242,1468437.5,102180.015355,1473725.0,98826.2732196
1:0,false,32,2,mw,2,2.65833333333,0.588150693014,1796862.5,50483.0866317,1797795.83333,49970.863346
1:0,false,32,2,mw,total,3.44791666667,0.524098415458,1632650.0,66704.5124645,1635760.41667,64938.2745098
1:0,false,32,2,client,1,12.125,2.02124789127,197433.333333,32278.5607677,2993950.0,489588.337366
1:0,false,32,2,client,total,12.125,2.02124789127,197433.333333,32278.5607677,2993950.0,489588.337366
1:0,false,32,2,server,1,12.7708333333,2.22667231991,2998770.83333,491441.556401,197412.5,32384.1326876
1:0,false,32,2,server,total,12.7708333333,2.22667231991,2998770.83333,491441.556401,197412.5,32384.1326876
1:0,false,32,4,mw,1,7.3375,0.841092568544,2763600.0,175379.054218,2765362.5,173560.644474
1:0,false,32,4,mw,2,4.86666666667,1.27796427429,3262100.0,92665.9138481,3262479.16667,92428.0971728
1:0,false,32,4,mw,total,6.10208333333,0.826977343111,3012850.0,109286.200863,3013920.83333,108337.747314
1:0,false,32,4,client,1,18.6375,3.09356837005,364895.833333,60233.4089593,5533516.66667,913452.017143
1:0,false,32,4,client,total,18.6375,3.09356837005,364895.833333,60233.4089593,5533516.66667,913452.017143
1:0,false,32,4,server,1,18.8083333333,3.1398598874,5536237.5,911285.341604,364925.0,60088.518272
1:0,false,32,4,server,total,18.8083333333,3.1398598874,5536237.5,911285.341604,364925.0,60088.518272
1:0,false,32,8,mw,1,11.05,0.939970373893,4840125.0,378860.529262,4840937.5,377925.327289
1:0,false,32,8,mw,2,7.075,0.505872684572,5821916.66667,136398.41431,5821958.33333,136680.26458
1:0,false,32,8,mw,total,9.0625,0.581219799814,5331020.83333,203956.183374,5331447.91667,203306.821253
1:0,false,32,8,client,1,27.6583333333,4.52278961251,640825.0,104960.939423,9573937.5,1558242.15496
1:0,false,32,8,client,total,27.6583333333,4.52278961251,640825.0,104960.939423,9573937.5,1558242.15496
1:0,false,32,8,server,1,27.6708333333,4.54064121509,9576666.66667,1560825.27397,640783.333333,105143.343318
1:0,false,32,8,server,total,27.6708333333,4.54064121509,9576666.66667,1560825.27397,640783.333333,105143.343318
1:0,false,32,16,mw,1,16.575,2.25453130216,7408825.0,571549.343917,7409187.5,570806.404782
1:0,false,32,16,mw,2,10.2833333333,0.721578204691,8569954.16667,267229.162779,8570270.83333,267204.795081
1:0,false,32,16,mw,total,13.4291666667,1.17904076723,7989389.58333,301803.888579,7989729.16667,301570.515687
1:0,false,32,16,client,1,37.2833333333,6.07572930919,961966.666667,157944.048203,14208333.3333,2332655.11542
1:0,false,32,16,client,total,37.2833333333,6.07572930919,961966.666667,157944.048203,14208333.3333,2332655.11542
1:0,false,32,16,server,1,35.9958333333,5.90155853214,14225000.0,2337714.39219,961779.166667,158008.482599
1:0,false,32,16,server,total,35.9958333333,5.90155853214,14225000.0,2337714.39219,961779.166667,158008.482599
1:0,false,32,24,mw,1,18.8,2.28589511039,8467637.5,412835.095768,8467587.5,411541.827511
1:0,false,32,24,mw,2,11.9,0.557268806957,9610441.66667,231954.647678,9614662.5,235242.900434
1:0,false,32,24,mw,total,15.35,1.24117135365,9039039.58333,247786.009777,9041125.0,247464.047169
1:0,false,32,24,client,1,42.1,6.85501859133,1099037.5,179088.848717,16283333.3333,2657738.21758
1:0,false,32,24,client,total,42.1,6.85501859133,1099037.5,179088.848717,16283333.3333,2657738.21758
1:0,false,32,24,server,1,39.0875,6.38381915283,16291666.6667,2655236.57966,1098925.0,179076.172613
1:0,false,32,24,server,total,39.0875,6.38381915283,16291666.6667,2655236.57966,1098925.0,179076.172613
1:0,false,32,32,mw,1,18.7375,1.35706076653,9123487.5,525832.287691,9123875.0,526257.682827
1:0,false,32,32,mw,2,12.6916666667,0.582865997246,10732354.1667,300045.314645,10724145.8333,296885.581979
1:0,false,32,32,mw,total,15.7145833333,0.860605938204,9927920.83333,294462.252702,9924010.41667,293842.823672
1:0,false,32,32,client,1,47.3541666667,7.72420961687,1218066.66667,197742.209542,18066666.6667,2941243.64944
1:0,false,32,32,client,total,47.3541666667,7.72420961687,1218066.66667,197742.209542,18066666.6667,2941243.64944
1:0,false,32,32,server,1,41.775,6.81331842914,18033333.3333,2931280.44774,1217650.0,197595.595622
1:0,false,32,32,server,total,41.775,6.81331842914,18033333.3333,2931280.44774,1217650.0,197595.595622
1:0,false,32,40,mw,1,19.3875,1.23753276392,9702537.5,458312.699171,9700850.0,455952.892859
1:0,false,32,40,mw,2,13.2625,0.57293320843,10653091.6667,405054.513443,10649245.8333,383570.661238
1:0,false,32,40,mw,total,16.325,0.799481196052,10177814.5833,297500.045496,10175047.9167,289323.737656
1:0,false,32,40,client,1,48.55,7.9292050387,1254254.16667,203745.181878,18562500.0,3021532.54675
1:0,false,32,40,client,total,48.55,7.9292050387,1254254.16667,203745.181878,18562500.0,3021532.54675
1:0,false,32,40,server,1,42.5875,6.93819282599,18541666.6667,3014440.1649,1253908.33333,203769.643078
1:0,false,32,40,server,total,42.5875,6.93819282599,18541666.6667,3014440.1649,1253908.33333,203769.643078
1:0,false,32,48,mw,1,19.5125,1.03108336782,10148287.5,544909.240933,10135712.5,536593.384791
1:0,false,32,48,mw,2,13.5291666667,0.690896704275,10932541.6667,263152.698688,10932675.0,263006.981318
1:0,false,32,48,mw,total,16.5208333333,0.713726674944,10540414.5833,305293.033235,10534193.75,296922.597902
1:0,false,32,48,client,1,50.8041666667,8.24803497034,1306545.83333,212121.851799,19337500.0,3144210.2933
1:0,false,32,48,client,total,50.8041666667,8.24803497034,1306545.83333,212121.851799,19337500.0,3144210.2933
1:0,false,32,48,server,1,44.1125,7.21206672666,19333333.3333,3140856.39642,1306654.16667,211914.370121
1:0,false,32,48,server,total,44.1125,7.21206672666,19333333.3333,3140856.39642,1306654.16667,211914.370121
1:0,false,32,56,mw,1,18.6875,1.16481921235,10313262.5,755274.394663,10314250.0,753086.837496
1:0,false,32,56,mw,2,13.5791666667,0.594734868655,11386283.3333,323754.274255,11381837.5,331643.696568
1:0,false,32,56,mw,total,16.1333333333,0.687644627416,10849772.9167,430749.569299,10848043.75,429405.309295
1:0,false,32,56,client,1,53.3458333333,8.67274109583,1348983.33333,218886.254491,19962500.0,3240042.0853
1:0,false,32,56,client,total,53.3458333333,8.67274109583,1348983.33333,218886.254491,19962500.0,3240042.0853
1:0,false,32,56,server,1,45.3958333333,7.4409241577,19975000.0,3244718.74262,1348825.0,218943.113915
1:0,false,32,56,server,total,45.3958333333,7.4409241577,19975000.0,3244718.74262,1348825.0,218943.113915
1:0,false,64,2,mw,1,4.2,0.832869068987,1493612.5,109491.169952,1575850.0,115613.290375
1:0,false,64,2,mw,2,2.93333333333,0.643915588811,1812175.0,50313.5030934,1891770.83333,46846.5668571
1:0,false,64,2,mw,total,3.56666666667,0.56541186462,1652893.75,67741.4172337,1733810.41667,69823.0168898
1:0,false,64,2,client,1,12.4541666667,2.05497150253,197095.833333,32238.0907807,2988845.83333,488899.562118
1:0,false,64,2,client,total,12.4541666667,2.05497150253,197095.833333,32238.0907807,2988845.83333,488899.562118
1:0,false,64,2,server,1,14.5,2.50175746946,3144708.33333,514059.501651,197095.833333,32256.2347466
1:0,false,64,2,server,total,14.5,2.50175746946,3144708.33333,514059.501651,197095.833333,32256.2347466
1:0,false,64,4,mw,1,6.9125,0.902791030953,2766500.0,172098.588172,2793312.5,166526.965449
1:0,false,64,4,mw,2,4.57083333333,0.471982234045,3312270.83333,68676.6838327,3322337.5,67023.737713
1:0,false,64,4,mw,total,5.74166666667,0.535583334072,3039385.41667,100212.845193,3057825.0,97468.0513128
1:0,false,64,4,client,1,18.8375,3.09484110915,368783.333333,60302.1016211,5592625.0,914448.326733
1:0,false,64,4,client,total,18.8375,3.09484110915,368783.333333,60302.1016211,5592625.0,914448.326733
1:0,false,64,4,server,1,19.725,3.2658894279,5629237.5,914078.711513,368800.0,59914.744868
1:0,false,64,4,server,total,19.725,3.2658894279,5629237.5,914078.711513,368800.0,59914.744868
1:0,false,64,8,mw,1,10.7125,1.14950457132,4763287.5,417531.904147,4778600.0,409583.227505
1:0,false,64,8,mw,2,7.23333333333,0.478511522405,5844608.33333,153293.31504,5846237.5,153156.136778
1:0,false,64,8,mw,total,8.97291666667,0.693268695259,5303947.91667,241897.854781,5312418.75,238201.518525
1:0,false,64,8,client,1,27.7625,4.53434890275,637720.833333,105102.380517,9527716.66667,1556470.47987
1:0,false,64,8,client,total,27.7625,4.53434890275,637720.833333,105102.380517,9527716.66667,1556470.47987
1:0,false,64,8,server,1,28.1375,4.6269235176,9546033.33333,1555423.92917,637641.666667,104900.928078
1:0,false,64,8,server,total,28.1375,4.6269235176,9546033.33333,1555423.92917,637641.666667,104900.928078
1:0,false,64,16,mw,1,15.7875,1.3187426885,7124337.5,706026.283151,7135062.5,698976.871528
1:0,false,64,16,mw,2,10.5958333333,0.631328717363,8616412.5,230193.633674,8617212.5,230155.553365
1:0,false,64,16,mw,total,13.1916666667,0.734473605239,7870375.0,392400.794615,7876137.5,389037.701483
1:0,false,64,16,client,1,36.8583333333,6.01118858344,950279.166667,155627.457758,14062500.0,2308239.84182
1:0,false,64,16,client,total,36.8583333333,6.01118858344,950279.166667,155627.457758,14062500.0,2308239.84182
1:0,false,64,16,server,1,36.5375,5.9690938066,14108333.3333,2312915.48896,950200.0,155920.465498
1:0,false,64,16,server,total,36.5375,5.9690938066,14108333.3333,2312915.48896,950200.0,155920.465498
1:0,false,64,24,mw,1,12.0041666667,0.752854390152,9694733.33333,204347.566633,9699254.16667,213765.544791
1:0,false,64,24,mw,2,12.0041666667,0.752854390152,9694733.33333,204347.566633,9699254.16667,213765.544791
1:0,false,64,24,mw,total,12.0041666667,0.752854390152,9694733.33333,204347.566633,9699254.16667,213765.544791
1:0,false,64,24,client,1,41.8416666667,6.80096274313,1091529.16667,177348.137875,16170833.3333,2631622.98246
1:0,false,64,24,client,total,41.8416666667,6.80096274313,1091529.16667,177348.137875,16170833.3333,2631622.98246
1:0,false,64,24,server,1,39.575,6.4498443597,16179166.6667,2644392.07066,1091875.0,178105.599099
1:0,false,64,24,server,total,39.575,6.4498443597,16179166.6667,2644392.07066,1091875.0,178105.599099
1:0,false,64,32,mw,1,19.375,1.08353617056,9089475.0,540533.795592,9097275.0,536219.348066
1:0,false,64,32,mw,2,13.0458333333,0.449233602725,10376166.6667,312356.030409,10376470.8333,312052.669171
1:0,false,64,32,mw,total,16.2104166667,0.65428574664,9732820.83333,309081.933952,9736872.91667,306981.880566
1:0,false,64,32,client,1,45.7625,7.49067751598,1190483.33333,193773.998741,17633333.3333,2873125.87971
1:0,false,64,32,client,total,45.7625,7.49067751598,1190483.33333,193773.998741,17633333.3333,2873125.87971
1:0,false,64,32,server,1,42.2958333333,6.87971676837,17675000.0,2875755.87813,1190408.33333,193438.920498
1:0,false,64,32,server,total,42.2958333333,6.87971676837,17675000.0,2875755.87813,1190408.33333,193438.920498
1:0,false,64,40,mw,1,19.9625,1.13006945009,9448825.0,517951.33868,9453562.5,516219.677597
1:0,false,64,40,mw,2,13.4958333333,0.516925210934,11283154.1667,295747.939509,11279083.3333,292622.352306
1:0,false,64,40,mw,total,16.7291666667,0.632219206586,10365989.5833,298730.781319,10366322.9167,297181.022302
1:0,false,64,40,client,1,49.8458333333,8.10635071663,1273091.66667,206247.724106,18829166.6667,3057348.59806
1:0,false,64,40,client,total,49.8458333333,8.10635071663,1273091.66667,206247.724106,18829166.6667,3057348.59806
1:0,false,64,40,server,1,44.675,7.28309894476,18879166.6667,3067108.64087,1273200.0,206518.237157
1:0,false,64,40,server,total,44.675,7.28309894476,18879166.6667,3067108.64087,1273200.0,206518.237157
1:0,false,64,48,mw,1,20.4,1.37426620236,9822775.0,540289.209356,9826150.0,537832.101701
1:0,false,64,48,mw,2,13.7541666667,0.560649989467,11685758.3333,361609.283884,11685775.0,365469.617836
1:0,false,64,48,mw,total,17.0770833333,0.816041588906,10754266.6667,352435.572909,10755962.5,359203.72945
1:0,false,64,48,client,1,52.2666666667,8.56453945909,1327854.16667,216603.702917,19666666.6667,3211267.08433
1:0,false,64,48,client,total,52.2666666667,8.56453945909,1327854.16667,216603.702917,19666666.6667,3211267.08433
1:0,false,64,48,server,1,46.4333333333,7.60679243435,19658333.3333,3205557.32278,1327962.5,216329.364151
1:0,false,64,48,server,total,46.4333333333,7.60679243435,19658333.3333,3205557.32278,1327962.5,216329.364151
1:0,false,64,56,mw,1,20.8625,1.20907695727,10210937.5,508759.681742,10199325.0,500325.736301
1:0,false,64,56,mw,2,14.175,0.45616576058,11735366.6667,382238.769717,11739704.1667,390143.880538
1:0,false,64,56,mw,total,17.51875,0.724298851026,10973152.0833,360875.389227,10969514.5833,360280.401614
1:0,false,64,56,client,1,53.4166666667,8.72561903631,1353833.33333,220360.968412,20075000.0,3268128.06371
1:0,false,64,56,client,total,53.4166666667,8.72561903631,1353833.33333,220360.968412,20075000.0,3268128.06371
1:0,false,64,56,server,1,47.1041666667,7.70456487882,20016666.6667,3256887.1093,1353779.16667,220298.180129
1:0,false,64,56,server,total,47.1041666667,7.70456487882,20016666.6667,3256887.1093,1353779.16667,220298.180129
